,AGG,XLB,XLC,XLE,XLF,XLI,XLK,XLP,XLRE,XLU,XLV,XLY
2018-06-22 04:00:00,EXIT,EXIT,HOLD,EXIT,EXIT,EXIT,WARNING,EXIT,EXIT,EXIT,EXIT,STAGE_2_BULLISH
2018-06-29 04:00:00,EXIT,EXIT,HOLD,EXIT,EXIT,EXIT,WARNING,EXIT,EXIT,EXIT,EXIT,STAGE_2_BULLISH
2018-07-06 04:00:00,EXIT,EXIT,HOLD,EXIT,EXIT,EXIT,WARNING,EXIT,EXIT,EXIT,EXIT,WARNING
2018-07-13 04:00:00,EXIT,EXIT,HOLD,EXIT,EXIT,EXIT,STAGE_2_BULLISH,EXIT,EXIT,EXIT,EXIT,WARNING
2018-07-20 04:00:00,EXIT,EXIT,WARNING,EXIT,EXIT,EXIT,WARNING,EXIT,EXIT,EXIT,EXIT,WARNING
2018-07-27 04:00:00,EXIT,EXIT,HOLD,WARNING,EXIT,EXIT,WARNING,EXIT,EXIT,EXIT,EXIT,WARNING
2018-08-03 04:00:00,EXIT,EXIT,WARNING,EXIT,EXIT,EXIT,WARNING,EXIT,EXIT,EXIT,EXIT,WARNING
2018-08-10 04:00:00,EXIT,EXIT,EXIT,EXIT,EXIT,EXIT,WARNING,EXIT,EXIT,EXIT,EXIT,WARNING
2018-08-17 04:00:00,EXIT,EXIT,EXIT,EXIT,EXIT,EXIT,WARNING,EXIT,EXIT,EXIT,EXIT,WARNING
2018-08-24 04:00:00,EXIT,EXIT,EXIT,EXIT,EXIT,EXIT,WARNING,EXIT,EXIT,EXIT,EXIT,STAGE_2_BULLISH
2018-08-31 04:00:00,EXIT,EXIT,WARNING,EXIT,EXIT,EXIT,STAGE_2_BULLISH,EXIT,EXIT,EXIT,EXIT,STAGE_2_BULLISH
2018-09-07 04:00:00,EXIT,EXIT,WARNING,BEARISH_STAGE_4,HOLD,EXIT,WARNING,EXIT,EXIT,EXIT,EXIT,STAGE_2_BULLISH
2018-09-14 04:00:00,BEARISH_STAGE_4,EXIT,HOLD,EXIT,EXIT,EXIT,WARNING,EXIT,EXIT,EXIT,EXIT,STAGE_2_BULLISH
2018-09-21 04:00:00,BEARISH_STAGE_4,EXIT,HOLD,EXIT,EXIT,EXIT,WARNING,EXIT,EXIT,EXIT,EXIT,WARNING
2018-09-28 04:00:00,BEARISH_STAGE_4,BEARISH_STAGE_4,HOLD,EXIT,BEARISH_STAGE_4,EXIT,STAGE_2_BULLISH,EXIT,EXIT,EXIT,STAGE_2_BULLISH,WARNING
2018-10-05 04:00:00,BEARISH_STAGE_4,BEARISH_STAGE_4,HOLD,EXIT,EXIT,EXIT,WARNING,EXIT,EXIT,EXIT,STAGE_2_BULLISH,EXIT
2018-10-12 04:00:00,EXIT,BEARISH_STAGE_4,WARNING,EXIT,BEARISH_STAGE_4,EXIT,EXIT,EXIT,EXIT,EXIT,EXIT,EXIT
2018-10-19 04:00:00,EXIT,BEARISH_STAGE_4,EXIT,EXIT,BEARISH_STAGE_4,EXIT,EXIT,EXIT,EXIT,EXIT,EXIT,EXIT
2018-10-26 04:00:00,BEARISH_STAGE_4,BEARISH_STAGE_4,EXIT,EXIT,BEARISH_STAGE_4,BEARISH_STAGE_4,EXIT,EXIT,EXIT,EXIT,EXIT,EXIT
2018-11-02 04:00:00,BEARISH_STAGE_4,BEARISH_STAGE_4,WARNING,EXIT,BEARISH_STAGE_4,BEARISH_STAGE_4,EXIT,EXIT,EXIT,EXIT,WARNING,EXIT
2018-11-09 05:00:00,BEARISH_STAGE_4,EXIT,WARNING,EXIT,EXIT,EXIT,EXIT,EXIT,EXIT,EXIT,STAGE_2_BULLISH,EXIT
2018-11-16 05:00:00,BEARISH_STAGE_4,EXIT,WARNING,EXIT,EXIT,EXIT,EXIT,EXIT,EXIT,EXIT,HOLD,EXIT
2018-11-23 05:00:00,BEARISH_STAGE_4,EXIT,WARNING,EXIT,EXIT,EXIT,EXIT,EXIT,EXIT,EXIT,WARNING,EXIT
2018-11-30 05:00:00,EXIT,EXIT,WARNING,EXIT,EXIT,EXIT,EXIT,EXIT,EXIT,EXIT,WARNING,EXIT
2018-12-07 05:00:00,EXIT,EXIT,WARNING,EXIT,EXIT,EXIT,EXIT,EXIT,WARNING,STAGE_2_BULLISH,WARNING,EXIT
2018-12-14 05:00:00,EXIT,BEARISH_STAGE_4,WARNING,EXIT,EXIT,EXIT,EXIT,EXIT,EXIT,STAGE_2_BULLISH,EXIT,EXIT
2018-12-21 05:00:00,EXIT,BEARISH_STAGE_4,EXIT,BEARISH_STAGE_4,BEARISH_STAGE_4,BEARISH_STAGE_4,EXIT,EXIT,EXIT,HOLD,EXIT,EXIT
2018-12-28 05:00:00,EXIT,BEARISH_STAGE_4,EXIT,BEARISH_STAGE_4,BEARISH_STAGE_4,BEARISH_STAGE_4,EXIT,EXIT,EXIT,EXIT,EXIT,EXIT
2019-01-04 05:00:00,EXIT,BEARISH_STAGE_4,EXIT,BEARISH_STAGE_4,BEARISH_STAGE_4,BEARISH_STAGE_4,EXIT,EXIT,EXIT,EXIT,EXIT,EXIT
2019-01-11 05:00:00,EXIT,BEARISH_STAGE_4,WARNING,EXIT,BEARISH_STAGE_4,BEARISH_STAGE_4,EXIT,EXIT,EXIT,EXIT,EXIT,EXIT
2019-01-18 05:00:00,EXIT,EXIT,EXIT,EXIT,EXIT,EXIT,EXIT,EXIT,EXIT,EXIT,WARNING,EXIT
2019-01-25 05:00:00,EXIT,EXIT,WARNING,EXIT,EXIT,EXIT,EXIT,EXIT,HOLD,EXIT,EXIT,EXIT
2019-02-01 05:00:00,EXIT,EXIT,WARNING,EXIT,EXIT,EXIT,EXIT,EXIT,HOLD,WARNING,WARNING,EXIT
2019-02-08 05:00:00,EXIT,EXIT,WARNING,EXIT,EXIT,EXIT,EXIT,EXIT,HOLD,WARNING,EXIT,EXIT
2019-02-15 05:00:00,EXIT,EXIT,HOLD,EXIT,EXIT,EXIT,WARNING,EXIT,HOLD,WARNING,WARNING,WARNING
2019-02-22 05:00:00,EXIT,EXIT,HOLD,EXIT,EXIT,EXIT,WARNING,EXIT,WARNING,WARNING,WARNING,WARNING
2019-03-01 05:00:00,EXIT,EXIT,HOLD,EXIT,EXIT,EXIT,WARNING,EXIT,WARNING,WARNING,WARNING,WARNING
2019-03-08 05:00:00,STAGE_2_BULLISH,EXIT,HOLD,EXIT,EXIT,EXIT,HOLD,EXIT,STAGE_2_BULLISH,HOLD,EXIT,WARNING
2019-03-15 04:00:00,EXIT,EXIT,HOLD,EXIT,EXIT,EXIT,HOLD,HOLD,STAGE_2_BULLISH,STAGE_2_BULLISH,WARNING,WARNING
2019-03-22 04:00:00,EXIT,EXIT,HOLD,EXIT,BEARISH_STAGE_4,EXIT,HOLD,HOLD,STAGE_2_BULLISH,WARNING,EXIT,HOLD
2019-03-29 04:00:00,EXIT,EXIT,HOLD,EXIT,EXIT,EXIT,HOLD,EXIT,STAGE_2_BULLISH,WARNING,WARNING,HOLD
2019-04-05 04:00:00,EXIT,EXIT,HOLD,EXIT,EXIT,EXIT,WARNING,EXIT,WARNING,WARNING,EXIT,HOLD
2019-04-12 04:00:00,EXIT,EXIT,HOLD,EXIT,EXIT,EXIT,WARNING,EXIT,WARNING,WARNING,EXIT,HOLD
2019-04-18 04:00:00,EXIT,EXIT,HOLD,EXIT,EXIT,EXIT,STAGE_2_BULLISH,STAGE_2_BULLISH,WARNING,WARNING,BEARISH_STAGE_4,HOLD
2019-04-26 04:00:00,EXIT,EXIT,HOLD,EXIT,EXIT,EXIT,STAGE_2_BULLISH,EXIT,WARNING,WARNING,EXIT,STAGE_2_BULLISH
2019-05-03 04:00:00,EXIT,EXIT,HOLD,BEARISH_STAGE_4,EXIT,EXIT,STAGE_2_BULLISH,STAGE_2_BULLISH,WARNING,WARNING,HOLD,WARNING
2019-05-10 04:00:00,EXIT,EXIT,HOLD,BEARISH_STAGE_4,EXIT,EXIT,WARNING,STAGE_2_BULLISH,STAGE_2_BULLISH,WARNING,EXIT,WARNING
2019-05-17 04:00:00,EXIT,EXIT,HOLD,BEARISH_STAGE_4,EXIT,EXIT,WARNING,STAGE_2_BULLISH,STAGE_2_BULLISH,WARNING,EXIT,WARNING
2019-05-24 04:00:00,EXIT,EXIT,WARNING,BEARISH_STAGE_4,EXIT,EXIT,WARNING,STAGE_2_BULLISH,STAGE_2_BULLISH,HOLD,EXIT,WARNING
2019-05-31 04:00:00,EXIT,EXIT,WARNING,BEARISH_STAGE_4,EXIT,EXIT,WARNING,STAGE_2_BULLISH,STAGE_2_BULLISH,WARNING,EXIT,WARNING
2019-06-07 04:00:00,EXIT,EXIT,HOLD,EXIT,EXIT,EXIT,WARNING,STAGE_2_BULLISH,STAGE_2_BULLISH,STAGE_2_BULLISH,WARNING,WARNING
2019-06-14 04:00:00,EXIT,EXIT,HOLD,BEARISH_STAGE_4,EXIT,EXIT,EXIT,STAGE_2_BULLISH,WARNING,WARNING,WARNING,HOLD
2019-06-21 04:00:00,EXIT,EXIT,EXIT,EXIT,EXIT,EXIT,WARNING,WARNING,WARNING,WARNING,WARNING,HOLD
2019-06-28 04:00:00,EXIT,EXIT,EXIT,EXIT,EXIT,WARNING,WARNING,WARNING,WARNING,WARNING,EXIT,WARNING
2019-07-05 04:00:00,EXIT,EXIT,EXIT,EXIT,EXIT,EXIT,WARNING,WARNING,WARNING,WARNING,EXIT,STAGE_2_BULLISH
2019-07-12 04:00:00,EXIT,EXIT,EXIT,EXIT,EXIT,EXIT,WARNING,WARNING,WARNING,WARNING,EXIT,STAGE_2_BULLISH
2019-07-19 04:00:00,EXIT,EXIT,EXIT,EXIT,EXIT,EXIT,EXIT,STAGE_2_BULLISH,WARNING,WARNING,EXIT,STAGE_2_BULLISH
2019-07-26 04:00:00,EXIT,EXIT,EXIT,EXIT,EXIT,EXIT,STAGE_2_BULLISH,WARNING,WARNING,WARNING,EXIT,WARNING
2019-08-02 04:00:00,HOLD,EXIT,EXIT,EXIT,EXIT,EXIT,WARNING,WARNING,STAGE_2_BULLISH,STAGE_2_BULLISH,EXIT,WARNING
2019-08-09 04:00:00,STAGE_2_BULLISH,EXIT,EXIT,EXIT,EXIT,EXIT,WARNING,WARNING,STAGE_2_BULLISH,HOLD,EXIT,WARNING
2019-08-16 04:00:00,HOLD,EXIT,EXIT,EXIT,EXIT,EXIT,WARNING,WARNING,WARNING,STAGE_2_BULLISH,EXIT,WARNING
2019-08-23 04:00:00,WARNING,EXIT,EXIT,EXIT,EXIT,EXIT,WARNING,WARNING,STAGE_2_BULLISH,STAGE_2_BULLISH,EXIT,WARNING
2019-08-30 04:00:00,WARNING,EXIT,EXIT,EXIT,EXIT,EXIT,STAGE_2_BULLISH,HOLD,STAGE_2_BULLISH,STAGE_2_BULLISH,EXIT,STAGE_2_BULLISH
2019-09-06 04:00:00,EXIT,EXIT,WARNING,EXIT,EXIT,EXIT,STAGE_2_BULLISH,WARNING,WARNING,WARNING,EXIT,STAGE_2_BULLISH
2019-09-13 04:00:00,EXIT,EXIT,HOLD,EXIT,EXIT,EXIT,WARNING,WARNING,WARNING,WARNING,EXIT,STAGE_2_BULLISH
2019-09-20 04:00:00,EXIT,EXIT,HOLD,EXIT,EXIT,EXIT,WARNING,WARNING,WARNING,STAGE_2_BULLISH,EXIT,WARNING
2019-09-27 04:00:00,WARNING,EXIT,EXIT,EXIT,HOLD,EXIT,WARNING,HOLD,STAGE_2_BULLISH,STAGE_2_BULLISH,EXIT,WARNING
2019-10-04 04:00:00,WARNING,EXIT,WARNING,EXIT,EXIT,EXIT,STAGE_2_BULLISH,HOLD,HOLD,STAGE_2_BULLISH,EXIT,WARNING
2019-10-11 04:00:00,HOLD,EXIT,EXIT,BEARISH_STAGE_4,EXIT,EXIT,WARNING,EXIT,WARNING,WARNING,BEARISH_STAGE_4,EXIT
2019-10-18 04:00:00,EXIT,EXIT,EXIT,BEARISH_STAGE_4,EXIT,EXIT,WARNING,EXIT,WARNING,WARNING,EXIT,WARNING
2019-10-25 04:00:00,EXIT,EXIT,EXIT,BEARISH_STAGE_4,EXIT,WARNING,WARNING,EXIT,WARNING,WARNING,EXIT,WARNING
2019-11-01 04:00:00,EXIT,EXIT,EXIT,EXIT,EXIT,HOLD,WARNING,EXIT,WARNING,WARNING,EXIT,EXIT
2019-11-08 05:00:00,EXIT,EXIT,HOLD,EXIT,EXIT,STAGE_2_BULLISH,STAGE_2_BULLISH,EXIT,EXIT,EXIT,EXIT,EXIT
2019-11-15 05:00:00,EXIT,EXIT,HOLD,EXIT,EXIT,WARNING,STAGE_2_BULLISH,EXIT,EXIT,EXIT,EXIT,EXIT
2019-11-22 05:00:00,EXIT,EXIT,HOLD,EXIT,EXIT,EXIT,WARNING,EXIT,EXIT,EXIT,EXIT,EXIT
2019-11-29 05:00:00,EXIT,EXIT,HOLD,EXIT,EXIT,EXIT,STAGE_2_BULLISH,EXIT,EXIT,EXIT,EXIT,EXIT
2019-12-06 05:00:00,EXIT,EXIT,HOLD,EXIT,WARNING,EXIT,WARNING,EXIT,EXIT,EXIT,EXIT,EXIT
2019-12-13 05:00:00,EXIT,EXIT,EXIT,EXIT,STAGE_2_BULLISH,EXIT,STAGE_2_BULLISH,EXIT,EXIT,EXIT,EXIT,EXIT
2019-12-20 05:00:00,EXIT,EXIT,HOLD,EXIT,WARNING,EXIT,STAGE_2_BULLISH,EXIT,EXIT,EXIT,EXIT,EXIT
2019-12-27 05:00:00,EXIT,EXIT,HOLD,EXIT,EXIT,EXIT,STAGE_2_BULLISH,EXIT,EXIT,EXIT,EXIT,EXIT
2020-01-03 05:00:00,EXIT,EXIT,EXIT,EXIT,EXIT,EXIT,STAGE_2_BULLISH,EXIT,EXIT,EXIT,EXIT,EXIT
2020-01-10 05:00:00,EXIT,EXIT,EXIT,EXIT,EXIT,EXIT,STAGE_2_BULLISH,EXIT,EXIT,EXIT,EXIT,EXIT
2020-01-17 05:00:00,EXIT,EXIT,STAGE_2_BULLISH,EXIT,EXIT,EXIT,STAGE_2_BULLISH,EXIT,EXIT,WARNING,EXIT,EXIT
2020-01-24 05:00:00,EXIT,EXIT,STAGE_2_BULLISH,BEARISH_STAGE_4,EXIT,EXIT,STAGE_2_BULLISH,EXIT,EXIT,HOLD,EXIT,EXIT
2020-01-31 05:00:00,EXIT,EXIT,EXIT,BEARISH_STAGE_4,EXIT,EXIT,STAGE_2_BULLISH,EXIT,EXIT,STAGE_2_BULLISH,EXIT,EXIT
2020-02-07 05:00:00,EXIT,EXIT,EXIT,BEARISH_STAGE_4,EXIT,EXIT,STAGE_2_BULLISH,EXIT,EXIT,HOLD,EXIT,EXIT
2020-02-14 05:00:00,EXIT,EXIT,WARNING,BEARISH_STAGE_4,EXIT,EXIT,WARNING,EXIT,EXIT,STAGE_2_BULLISH,EXIT,EXIT
2020-02-21 05:00:00,EXIT,EXIT,EXIT,EXIT,EXIT,EXIT,WARNING,EXIT,HOLD,STAGE_2_BULLISH,EXIT,EXIT
2020-02-28 05:00:00,HOLD,EXIT,EXIT,BEARISH_STAGE_4,EXIT,EXIT,WARNING,EXIT,EXIT,EXIT,EXIT,EXIT
2020-03-06 05:00:00,EXIT,EXIT,EXIT,BEARISH_STAGE_4,EXIT,EXIT,WARNING,EXIT,EXIT,WARNING,STAGE_2_BULLISH,EXIT
2020-03-13 04:00:00,EXIT,EXIT,EXIT,BEARISH_STAGE_4,EXIT,EXIT,EXIT,EXIT,EXIT,EXIT,EXIT,EXIT
2020-03-20 04:00:00,EXIT,EXIT,EXIT,BEARISH_STAGE_4,EXIT,EXIT,EXIT,EXIT,EXIT,EXIT,EXIT,EXIT
2020-03-27 04:00:00,STAGE_2_BULLISH,EXIT,EXIT,EXIT,EXIT,EXIT,EXIT,EXIT,EXIT,EXIT,EXIT,EXIT
2020-04-03 04:00:00,HOLD,EXIT,EXIT,EXIT,EXIT,EXIT,EXIT,EXIT,EXIT,EXIT,EXIT,EXIT
2020-04-09 04:00:00,WARNING,EXIT,EXIT,EXIT,EXIT,EXIT,EXIT,EXIT,EXIT,EXIT,EXIT,EXIT
2020-04-17 04:00:00,WARNING,EXIT,EXIT,EXIT,EXIT,EXIT,WARNING,EXIT,EXIT,EXIT,WARNING,EXIT
2020-04-24 04:00:00,WARNING,EXIT,EXIT,EXIT,EXIT,EXIT,WARNING,EXIT,EXIT,EXIT,WARNING,EXIT
2020-05-01 04:00:00,WARNING,EXIT,EXIT,EXIT,EXIT,EXIT,WARNING,EXIT,EXIT,EXIT,WARNING,EXIT
2020-05-08 04:00:00,WARNING,EXIT,WARNING,EXIT,BEARISH_STAGE_4,EXIT,WARNING,EXIT,EXIT,BEARISH_STAGE_4,WARNING,EXIT
2020-05-15 04:00:00,WARNING,EXIT,WARNING,EXIT,BEARISH_STAGE_4,EXIT,WARNING,BEARISH_STAGE_4,BEARISH_STAGE_4,EXIT,WARNING,EXIT
2020-05-22 04:00:00,WARNING,EXIT,WARNING,EXIT,EXIT,EXIT,HOLD,BEARISH_STAGE_4,EXIT,EXIT,WARNING,HOLD
2020-05-29 04:00:00,EXIT,EXIT,WARNING,BEARISH_STAGE_4,EXIT,EXIT,WARNING,EXIT,EXIT,EXIT,WARNING,HOLD
2020-06-05 04:00:00,EXIT,EXIT,WARNING,EXIT,EXIT,EXIT,WARNING,EXIT,EXIT,EXIT,WARNING,STAGE_2_BULLISH
2020-06-12 04:00:00,WARNING,EXIT,WARNING,EXIT,EXIT,EXIT,WARNING,EXIT,EXIT,EXIT,EXIT,STAGE_2_BULLISH
2020-06-19 04:00:00,WARNING,EXIT,STAGE_2_BULLISH,EXIT,EXIT,EXIT,STAGE_2_BULLISH,EXIT,EXIT,EXIT,WARNING,STAGE_2_BULLISH
2020-06-26 04:00:00,WARNING,BEARISH_STAGE_4,WARNING,EXIT,BEARISH_STAGE_4,EXIT,STAGE_2_BULLISH,EXIT,EXIT,BEARISH_STAGE_4,EXIT,HOLD
2020-07-02 04:00:00,EXIT,EXIT,WARNING,EXIT,BEARISH_STAGE_4,BEARISH_STAGE_4,WARNING,EXIT,EXIT,BEARISH_STAGE_4,WARNING,WARNING
2020-07-10 04:00:00,EXIT,EXIT,STAGE_2_BULLISH,BEARISH_STAGE_4,BEARISH_STAGE_4,BEARISH_STAGE_4,WARNING,EXIT,EXIT,EXIT,EXIT,STAGE_2_BULLISH
2020-07-17 04:00:00,EXIT,EXIT,WARNING,BEARISH_STAGE_4,EXIT,EXIT,WARNING,EXIT,EXIT,EXIT,STAGE_2_BULLISH,STAGE_2_BULLISH
2020-07-24 04:00:00,EXIT,EXIT,WARNING,EXIT,EXIT,EXIT,WARNING,EXIT,EXIT,EXIT,STAGE_2_BULLISH,STAGE_2_BULLISH
2020-07-31 04:00:00,EXIT,EXIT,WARNING,EXIT,EXIT,EXIT,WARNING,EXIT,EXIT,EXIT,WARNING,STAGE_2_BULLISH
2020-08-07 04:00:00,EXIT,EXIT,WARNING,EXIT,EXIT,EXIT,STAGE_2_BULLISH,EXIT,EXIT,EXIT,EXIT,WARNING
2020-08-14 04:00:00,EXIT,EXIT,WARNING,EXIT,EXIT,EXIT,WARNING,EXIT,EXIT,EXIT,EXIT,STAGE_2_BULLISH
2020-08-21 04:00:00,EXIT,EXIT,STAGE_2_BULLISH,EXIT,EXIT,EXIT,WARNING,EXIT,EXIT,EXIT,EXIT,STAGE_2_BULLISH
2020-08-28 04:00:00,EXIT,EXIT,STAGE_2_BULLISH,EXIT,EXIT,EXIT,STAGE_2_BULLISH,EXIT,EXIT,EXIT,EXIT,WARNING
2020-09-04 04:00:00,EXIT,EXIT,STAGE_2_BULLISH,BEARISH_STAGE_4,EXIT,EXIT,WARNING,EXIT,EXIT,EXIT,EXIT,STAGE_2_BULLISH
2020-09-11 04:00:00,EXIT,EXIT,WARNING,BEARISH_STAGE_4,EXIT,EXIT,WARNING,EXIT,EXIT,EXIT,HOLD,STAGE_2_BULLISH
2020-09-18 04:00:00,EXIT,STAGE_2_BULLISH,WARNING,BEARISH_STAGE_4,EXIT,EXIT,WARNING,EXIT,EXIT,EXIT,HOLD,HOLD
2020-09-25 04:00:00,EXIT,EXIT,WARNING,BEARISH_STAGE_4,EXIT,EXIT,WARNING,EXIT,EXIT,EXIT,WARNING,WARNING
2020-10-02 04:00:00,EXIT,EXIT,WARNING,BEARISH_STAGE_4,EXIT,EXIT,WARNING,EXIT,EXIT,EXIT,EXIT,WARNING
2020-10-09 04:00:00,EXIT,EXIT,WARNING,EXIT,EXIT,EXIT,WARNING,EXIT,EXIT,EXIT,EXIT,WARNING
2020-10-16 04:00:00,EXIT,EXIT,WARNING,BEARISH_STAGE_4,EXIT,EXIT,STAGE_2_BULLISH,EXIT,EXIT,EXIT,EXIT,WARNING
2020-10-23 04:00:00,EXIT,EXIT,STAGE_2_BULLISH,EXIT,EXIT,EXIT,WARNING,EXIT,EXIT,EXIT,EXIT,WARNING
2020-10-30 04:00:00,EXIT,WARNING,WARNING,EXIT,EXIT,EXIT,EXIT,EXIT,EXIT,EXIT,EXIT,WARNING
2020-11-06 05:00:00,EXIT,EXIT,WARNING,BEARISH_STAGE_4,EXIT,EXIT,WARNING,EXIT,EXIT,EXIT,EXIT,WARNING
2020-11-13 05:00:00,EXIT,EXIT,WARNING,EXIT,EXIT,EXIT,EXIT,EXIT,EXIT,EXIT,EXIT,EXIT
2020-11-20 05:00:00,EXIT,WARNING,WARNING,EXIT,EXIT,EXIT,WARNING,EXIT,EXIT,EXIT,EXIT,WARNING
2020-11-27 05:00:00,EXIT,STAGE_2_BULLISH,WARNING,EXIT,EXIT,EXIT,WARNING,EXIT,EXIT,EXIT,EXIT,WARNING
2020-12-04 05:00:00,EXIT,WARNING,STAGE_2_BULLISH,EXIT,EXIT,EXIT,WARNING,EXIT,EXIT,EXIT,EXIT,WARNING
2020-12-11 05:00:00,EXIT,WARNING,STAGE_2_BULLISH,EXIT,EXIT,EXIT,WARNING,EXIT,EXIT,EXIT,EXIT,WARNING
2020-12-18 05:00:00,EXIT,WARNING,STAGE_2_BULLISH,EXIT,EXIT,EXIT,STAGE_2_BULLISH,EXIT,EXIT,EXIT,EXIT,STAGE_2_BULLISH
2020-12-24 05:00:00,EXIT,WARNING,WARNING,EXIT,EXIT,EXIT,STAGE_2_BULLISH,EXIT,EXIT,EXIT,EXIT,WARNING
2020-12-31 05:00:00,EXIT,WARNING,WARNING,EXIT,EXIT,EXIT,WARNING,EXIT,EXIT,EXIT,EXIT,WARNING
2021-01-08 05:00:00,EXIT,STAGE_2_BULLISH,WARNING,EXIT,EXIT,EXIT,WARNING,EXIT,EXIT,EXIT,EXIT,STAGE_2_BULLISH
2021-01-15 05:00:00,EXIT,STAGE_2_BULLISH,EXIT,EXIT,EXIT,EXIT,WARNING,EXIT,EXIT,EXIT,EXIT,STAGE_2_BULLISH
2021-01-22 05:00:00,EXIT,WARNING,HOLD,EXIT,EXIT,EXIT,WARNING,EXIT,EXIT,EXIT,EXIT,STAGE_2_BULLISH
2021-01-29 05:00:00,EXIT,WARNING,WARNING,EXIT,EXIT,EXIT,WARNING,EXIT,EXIT,EXIT,HOLD,WARNING
2021-02-05 05:00:00,EXIT,WARNING,WARNING,EXIT,EXIT,EXIT,HOLD,EXIT,EXIT,EXIT,EXIT,WARNING
2021-02-12 05:00:00,EXIT,WARNING,STAGE_2_BULLISH,EXIT,EXIT,EXIT,WARNING,EXIT,EXIT,EXIT,EXIT,WARNING
2021-02-19 05:00:00,EXIT,WARNING,STAGE_2_BULLISH,EXIT,EXIT,EXIT,WARNING,EXIT,EXIT,EXIT,EXIT,WARNING
2021-02-26 05:00:00,EXIT,STAGE_2_BULLISH,STAGE_2_BULLISH,EXIT,EXIT,EXIT,WARNING,EXIT,EXIT,EXIT,EXIT,WARNING
2021-03-05 05:00:00,EXIT,STAGE_2_BULLISH,STAGE_2_BULLISH,EXIT,WARNING,WARNING,WARNING,EXIT,EXIT,EXIT,EXIT,EXIT
2021-03-12 05:00:00,EXIT,HOLD,WARNING,STAGE_2_BULLISH,WARNING,STAGE_2_BULLISH,WARNING,EXIT,EXIT,EXIT,EXIT,WARNING
2021-03-19 04:00:00,EXIT,HOLD,WARNING,WARNING,HOLD,WARNING,EXIT,EXIT,EXIT,EXIT,EXIT,STAGE_2_BULLISH
2021-03-26 04:00:00,EXIT,WARNING,EXIT,WARNING,WARNING,WARNING,WARNING,EXIT,EXIT,EXIT,EXIT,WARNING
2021-04-01 04:00:00,EXIT,WARNING,WARNING,WARNING,WARNING,WARNING,WARNING,EXIT,EXIT,EXIT,EXIT,STAGE_2_BULLISH
2021-04-09 04:00:00,EXIT,WARNING,WARNING,EXIT,WARNING,WARNING,WARNING,EXIT,EXIT,EXIT,EXIT,STAGE_2_BULLISH
2021-04-16 04:00:00,EXIT,WARNING,WARNING,EXIT,WARNING,WARNING,STAGE_2_BULLISH,EXIT,EXIT,EXIT,EXIT,STAGE_2_BULLISH
2021-04-23 04:00:00,EXIT,STAGE_2_BULLISH,WARNING,EXIT,WARNING,WARNING,STAGE_2_BULLISH,EXIT,EXIT,EXIT,EXIT,WARNING
2021-04-30 04:00:00,EXIT,STAGE_2_BULLISH,STAGE_2_BULLISH,EXIT,STAGE_2_BULLISH,STAGE_2_BULLISH,WARNING,EXIT,EXIT,EXIT,EXIT,WARNING
2021-05-07 04:00:00,EXIT,STAGE_2_BULLISH,WARNING,EXIT,STAGE_2_BULLISH,STAGE_2_BULLISH,EXIT,EXIT,EXIT,EXIT,EXIT,WARNING
2021-05-14 04:00:00,EXIT,STAGE_2_BULLISH,WARNING,STAGE_2_BULLISH,WARNING,STAGE_2_BULLISH,EXIT,EXIT,EXIT,EXIT,EXIT,EXIT
2021-05-21 04:00:00,EXIT,STAGE_2_BULLISH,WARNING,EXIT,STAGE_2_BULLISH,STAGE_2_BULLISH,EXIT,EXIT,EXIT,EXIT,EXIT,EXIT
2021-05-28 04:00:00,EXIT,WARNING,HOLD,EXIT,STAGE_2_BULLISH,STAGE_2_BULLISH,EXIT,EXIT,EXIT,EXIT,EXIT,EXIT
2021-06-04 04:00:00,EXIT,WARNING,WARNING,EXIT,STAGE_2_BULLISH,WARNING,WARNING,EXIT,EXIT,EXIT,EXIT,EXIT
2021-06-11 04:00:00,EXIT,WARNING,WARNING,EXIT,WARNING,WARNING,HOLD,EXIT,EXIT,EXIT,EXIT,EXIT
2021-06-18 04:00:00,EXIT,EXIT,WARNING,EXIT,EXIT,EXIT,WARNING,EXIT,EXIT,EXIT,EXIT,WARNING
2021-06-25 04:00:00,EXIT,EXIT,WARNING,STAGE_2_BULLISH,WARNING,EXIT,HOLD,EXIT,EXIT,EXIT,EXIT,WARNING
2021-07-02 04:00:00,EXIT,EXIT,WARNING,WARNING,WARNING,WARNING,STAGE_2_BULLISH,EXIT,EXIT,EXIT,EXIT,WARNING
2021-07-09 04:00:00,EXIT,EXIT,WARNING,WARNING,WARNING,WARNING,STAGE_2_BULLISH,EXIT,EXIT,EXIT,EXIT,EXIT
2021-07-16 04:00:00,EXIT,EXIT,WARNING,EXIT,WARNING,WARNING,STAGE_2_BULLISH,EXIT,EXIT,EXIT,EXIT,EXIT
2021-07-23 04:00:00,EXIT,EXIT,WARNING,EXIT,WARNING,WARNING,WARNING,EXIT,EXIT,EXIT,EXIT,EXIT
2021-07-30 04:00:00,EXIT,WARNING,WARNING,EXIT,WARNING,WARNING,STAGE_2_BULLISH,EXIT,EXIT,EXIT,EXIT,EXIT
2021-08-06 04:00:00,EXIT,WARNING,WARNING,EXIT,WARNING,EXIT,WARNING,EXIT,EXIT,EXIT,EXIT,EXIT
2021-08-13 04:00:00,EXIT,WARNING,WARNING,EXIT,WARNING,EXIT,WARNING,EXIT,EXIT,EXIT,EXIT,EXIT
2021-08-20 04:00:00,EXIT,EXIT,WARNING,EXIT,WARNING,EXIT,WARNING,EXIT,STAGE_2_BULLISH,EXIT,EXIT,EXIT
2021-08-27 04:00:00,EXIT,EXIT,STAGE_2_BULLISH,EXIT,WARNING,EXIT,EXIT,EXIT,EXIT,EXIT,EXIT,EXIT
2021-09-03 04:00:00,EXIT,EXIT,STAGE_2_BULLISH,EXIT,WARNING,EXIT,HOLD,EXIT,STAGE_2_BULLISH,EXIT,EXIT,EXIT
2021-09-10 04:00:00,EXIT,EXIT,HOLD,EXIT,EXIT,EXIT,HOLD,EXIT,EXIT,EXIT,EXIT,EXIT
2021-09-17 04:00:00,EXIT,EXIT,WARNING,EXIT,EXIT,EXIT,WARNING,EXIT,EXIT,EXIT,EXIT,EXIT
2021-09-24 04:00:00,EXIT,EXIT,WARNING,EXIT,EXIT,EXIT,HOLD,EXIT,EXIT,EXIT,EXIT,EXIT
2021-10-01 04:00:00,EXIT,EXIT,EXIT,WARNING,EXIT,EXIT,WARNING,EXIT,EXIT,EXIT,EXIT,EXIT
2021-10-08 04:00:00,EXIT,EXIT,EXIT,WARNING,WARNING,EXIT,WARNING,EXIT,EXIT,EXIT,EXIT,EXIT
2021-10-15 04:00:00,EXIT,EXIT,EXIT,WARNING,WARNING,EXIT,WARNING,EXIT,EXIT,EXIT,EXIT,EXIT
2021-10-22 04:00:00,EXIT,EXIT,EXIT,HOLD,HOLD,EXIT,WARNING,EXIT,HOLD,EXIT,EXIT,EXIT
2021-10-29 04:00:00,EXIT,EXIT,EXIT,WARNING,WARNING,EXIT,STAGE_2_BULLISH,EXIT,EXIT,EXIT,EXIT,STAGE_2_BULLISH
2021-11-05 04:00:00,EXIT,EXIT,EXIT,WARNING,WARNING,EXIT,STAGE_2_BULLISH,EXIT,WARNING,EXIT,EXIT,STAGE_2_BULLISH
2021-11-12 05:00:00,EXIT,HOLD,EXIT,WARNING,WARNING,EXIT,STAGE_2_BULLISH,EXIT,EXIT,EXIT,EXIT,WARNING
2021-11-19 05:00:00,EXIT,EXIT,EXIT,EXIT,EXIT,EXIT,STAGE_2_BULLISH,EXIT,EXIT,EXIT,EXIT,WARNING
2021-11-26 05:00:00,EXIT,EXIT,EXIT,WARNING,WARNING,EXIT,STAGE_2_BULLISH,EXIT,HOLD,EXIT,EXIT,WARNING
2021-12-03 05:00:00,EXIT,EXIT,EXIT,EXIT,EXIT,EXIT,HOLD,EXIT,WARNING,EXIT,EXIT,EXIT
2021-12-10 05:00:00,EXIT,EXIT,EXIT,WARNING,EXIT,EXIT,WARNING,EXIT,STAGE_2_BULLISH,EXIT,EXIT,WARNING
2021-12-17 05:00:00,EXIT,EXIT,EXIT,EXIT,WARNING,EXIT,WARNING,EXIT,WARNING,EXIT,EXIT,EXIT
2021-12-23 05:00:00,EXIT,EXIT,EXIT,WARNING,EXIT,EXIT,STAGE_2_BULLISH,EXIT,WARNING,EXIT,EXIT,WARNING
2021-12-31 05:00:00,BEARISH_STAGE_4,EXIT,EXIT,WARNING,EXIT,EXIT,WARNING,EXIT,STAGE_2_BULLISH,EXIT,EXIT,WARNING
2022-01-07 05:00:00,EXIT,EXIT,BEARISH_STAGE_4,HOLD,WARNING,EXIT,WARNING,EXIT,WARNING,EXIT,EXIT,EXIT
2022-01-14 05:00:00,EXIT,EXIT,EXIT,HOLD,WARNING,EXIT,WARNING,EXIT,WARNING,EXIT,EXIT,EXIT
2022-01-21 05:00:00,EXIT,EXIT,BEARISH_STAGE_4,HOLD,EXIT,EXIT,EXIT,HOLD,EXIT,EXIT,EXIT,EXIT
2022-01-28 05:00:00,BEARISH_STAGE_4,EXIT,BEARISH_STAGE_4,HOLD,WARNING,EXIT,EXIT,EXIT,EXIT,EXIT,EXIT,EXIT
2022-02-04 05:00:00,BEARISH_STAGE_4,EXIT,EXIT,HOLD,WARNING,EXIT,EXIT,EXIT,EXIT,EXIT,EXIT,EXIT
2022-02-11 05:00:00,BEARISH_STAGE_4,EXIT,BEARISH_STAGE_4,STAGE_2_BULLISH,WARNING,EXIT,EXIT,HOLD,EXIT,EXIT,EXIT,EXIT
2022-02-18 05:00:00,BEARISH_STAGE_4,EXIT,EXIT,STAGE_2_BULLISH,WARNING,EXIT,EXIT,STAGE_2_BULLISH,EXIT,EXIT,EXIT,EXIT
2022-02-25 05:00:00,EXIT,EXIT,EXIT,STAGE_2_BULLISH,WARNING,EXIT,EXIT,STAGE_2_BULLISH,EXIT,EXIT,EXIT,EXIT
2022-03-04 05:00:00,EXIT,EXIT,EXIT,STAGE_2_BULLISH,EXIT,EXIT,EXIT,STAGE_2_BULLISH,EXIT,WARNING,EXIT,EXIT
2022-03-11 05:00:00,EXIT,EXIT,BEARISH_STAGE_4,STAGE_2_BULLISH,EXIT,BEARISH_STAGE_4,EXIT,EXIT,EXIT,WARNING,EXIT,EXIT
2022-03-18 04:00:00,EXIT,EXIT,EXIT,WARNING,EXIT,EXIT,EXIT,EXIT,EXIT,EXIT,WARNING,EXIT
2022-03-25 04:00:00,EXIT,EXIT,EXIT,WARNING,WARNING,EXIT,EXIT,EXIT,EXIT,WARNING,WARNING,EXIT
2022-04-01 04:00:00,EXIT,EXIT,EXIT,WARNING,EXIT,EXIT,EXIT,EXIT,WARNING,WARNING,WARNING,EXIT
2022-04-08 04:00:00,EXIT,WARNING,EXIT,STAGE_2_BULLISH,EXIT,EXIT,EXIT,WARNING,WARNING,WARNING,WARNING,EXIT
2022-04-14 04:00:00,EXIT,WARNING,EXIT,STAGE_2_BULLISH,EXIT,EXIT,EXIT,WARNING,WARNING,STAGE_2_BULLISH,WARNING,EXIT
2022-04-22 04:00:00,BEARISH_STAGE_4,EXIT,BEARISH_STAGE_4,WARNING,EXIT,EXIT,EXIT,WARNING,HOLD,STAGE_2_BULLISH,HOLD,EXIT
2022-04-29 04:00:00,BEARISH_STAGE_4,EXIT,BEARISH_STAGE_4,EXIT,BEARISH_STAGE_4,BEARISH_STAGE_4,EXIT,WARNING,EXIT,EXIT,EXIT,BEARISH_STAGE_4
2022-05-06 04:00:00,BEARISH_STAGE_4,EXIT,BEARISH_STAGE_4,STAGE_2_BULLISH,EXIT,EXIT,EXIT,WARNING,EXIT,EXIT,EXIT,BEARISH_STAGE_4
2022-05-13 04:00:00,BEARISH_STAGE_4,EXIT,BEARISH_STAGE_4,STAGE_2_BULLISH,BEARISH_STAGE_4,EXIT,EXIT,WARNING,EXIT,EXIT,EXIT,BEARISH_STAGE_4
2022-05-20 04:00:00,BEARISH_STAGE_4,EXIT,BEARISH_STAGE_4,STAGE_2_BULLISH,EXIT,EXIT,EXIT,EXIT,EXIT,WARNING,EXIT,BEARISH_STAGE_4
2022-05-27 04:00:00,EXIT,EXIT,EXIT,STAGE_2_BULLISH,EXIT,EXIT,EXIT,EXIT,EXIT,STAGE_2_BULLISH,HOLD,EXIT
2022-06-03 04:00:00,EXIT,EXIT,EXIT,WARNING,EXIT,EXIT,EXIT,EXIT,EXIT,STAGE_2_BULLISH,EXIT,EXIT
2022-06-10 04:00:00,BEARISH_STAGE_4,EXIT,EXIT,STAGE_2_BULLISH,EXIT,EXIT,EXIT,EXIT,EXIT,STAGE_2_BULLISH,EXIT,EXIT
2022-06-17 04:00:00,EXIT,EXIT,EXIT,WARNING,EXIT,EXIT,EXIT,EXIT,EXIT,EXIT,EXIT,EXIT
2022-06-24 04:00:00,EXIT,EXIT,EXIT,EXIT,EXIT,EXIT,EXIT,EXIT,EXIT,EXIT,EXIT,EXIT
2022-07-01 04:00:00,EXIT,EXIT,EXIT,EXIT,EXIT,EXIT,EXIT,EXIT,EXIT,WARNING,EXIT,EXIT
2022-07-08 04:00:00,BEARISH_STAGE_4,EXIT,EXIT,EXIT,EXIT,EXIT,EXIT,EXIT,EXIT,EXIT,EXIT,EXIT
2022-07-15 04:00:00,EXIT,EXIT,EXIT,EXIT,EXIT,EXIT,EXIT,EXIT,EXIT,EXIT,EXIT,EXIT
2022-07-22 04:00:00,BEARISH_STAGE_4,EXIT,EXIT,EXIT,EXIT,EXIT,EXIT,EXIT,EXIT,EXIT,EXIT,EXIT
2022-07-29 04:00:00,BEARISH_STAGE_4,EXIT,EXIT,WARNING,EXIT,EXIT,EXIT,EXIT,EXIT,WARNING,WARNING,EXIT
2022-08-05 04:00:00,EXIT,EXIT,EXIT,EXIT,EXIT,EXIT,EXIT,EXIT,EXIT,WARNING,EXIT,EXIT
2022-08-12 04:00:00,EXIT,EXIT,EXIT,WARNING,EXIT,EXIT,EXIT,WARNING,EXIT,WARNING,EXIT,EXIT
2022-08-19 04:00:00,EXIT,EXIT,EXIT,WARNING,EXIT,EXIT,EXIT,WARNING,EXIT,WARNING,EXIT,EXIT
2022-08-26 04:00:00,EXIT,EXIT,EXIT,WARNING,EXIT,EXIT,EXIT,EXIT,EXIT,HOLD,EXIT,EXIT
2022-09-02 04:00:00,EXIT,EXIT,BEARISH_STAGE_4,WARNING,EXIT,EXIT,EXIT,EXIT,EXIT,HOLD,EXIT,BEARISH_STAGE_4
2022-09-09 04:00:00,BEARISH_STAGE_4,EXIT,EXIT,WARNING,EXIT,EXIT,BEARISH_STAGE_4,EXIT,EXIT,WARNING,EXIT,EXIT
2022-09-16 04:00:00,BEARISH_STAGE_4,EXIT,EXIT,HOLD,EXIT,EXIT,BEARISH_STAGE_4,EXIT,EXIT,EXIT,EXIT,EXIT
2022-09-23 04:00:00,EXIT,EXIT,EXIT,EXIT,EXIT,EXIT,EXIT,EXIT,EXIT,EXIT,EXIT,EXIT
2022-09-30 04:00:00,EXIT,EXIT,EXIT,EXIT,EXIT,EXIT,EXIT,EXIT,EXIT,EXIT,EXIT,EXIT
2022-10-07 04:00:00,EXIT,EXIT,EXIT,WARNING,EXIT,EXIT,EXIT,EXIT,BEARISH_STAGE_4,EXIT,EXIT,EXIT
2022-10-14 04:00:00,EXIT,EXIT,EXIT,WARNING,EXIT,EXIT,EXIT,EXIT,BEARISH_STAGE_4,EXIT,EXIT,EXIT
2022-10-21 04:00:00,BEARISH_STAGE_4,EXIT,EXIT,STAGE_2_BULLISH,EXIT,EXIT,EXIT,EXIT,EXIT,EXIT,EXIT,EXIT
2022-10-28 04:00:00,BEARISH_STAGE_4,EXIT,EXIT,STAGE_2_BULLISH,EXIT,EXIT,EXIT,EXIT,EXIT,EXIT,EXIT,EXIT
2022-11-04 04:00:00,EXIT,EXIT,BEARISH_STAGE_4,HOLD,EXIT,EXIT,EXIT,EXIT,EXIT,EXIT,EXIT,EXIT
2022-11-11 05:00:00,EXIT,EXIT,BEARISH_STAGE_4,WARNING,EXIT,EXIT,EXIT,WARNING,EXIT,EXIT,EXIT,EXIT
2022-11-18 05:00:00,EXIT,EXIT,EXIT,WARNING,EXIT,EXIT,EXIT,WARNING,EXIT,EXIT,WARNING,EXIT
2022-11-25 05:00:00,EXIT,EXIT,EXIT,WARNING,EXIT,EXIT,EXIT,WARNING,EXIT,WARNING,WARNING,BEARISH_STAGE_4
2022-12-02 05:00:00,EXIT,EXIT,EXIT,WARNING,EXIT,WARNING,EXIT,WARNING,EXIT,WARNING,HOLD,EXIT
2022-12-09 05:00:00,EXIT,EXIT,EXIT,WARNING,EXIT,EXIT,EXIT,HOLD,EXIT,WARNING,STAGE_2_BULLISH,EXIT
2022-12-16 05:00:00,EXIT,EXIT,EXIT,WARNING,EXIT,EXIT,EXIT,EXIT,EXIT,EXIT,EXIT,EXIT
2022-12-23 05:00:00,EXIT,EXIT,EXIT,EXIT,EXIT,EXIT,EXIT,EXIT,EXIT,HOLD,EXIT,EXIT
2022-12-30 05:00:00,EXIT,EXIT,EXIT,WARNING,EXIT,EXIT,EXIT,EXIT,BEARISH_STAGE_4,EXIT,EXIT,BEARISH_STAGE_4
2023-01-06 05:00:00,EXIT,EXIT,EXIT,HOLD,EXIT,EXIT,EXIT,EXIT,EXIT,WARNING,WARNING,EXIT
2023-01-13 05:00:00,EXIT,EXIT,EXIT,WARNING,EXIT,EXIT,EXIT,EXIT,EXIT,WARNING,WARNING,EXIT
2023-01-20 05:00:00,EXIT,EXIT,EXIT,WARNING,EXIT,EXIT,EXIT,EXIT,EXIT,EXIT,WARNING,EXIT
2023-01-27 05:00:00,EXIT,WARNING,EXIT,WARNING,EXIT,WARNING,EXIT,EXIT,EXIT,EXIT,WARNING,EXIT
2023-02-03 05:00:00,EXIT,EXIT,EXIT,WARNING,EXIT,WARNING,EXIT,EXIT,EXIT,EXIT,EXIT,EXIT
2023-02-10 05:00:00,EXIT,EXIT,EXIT,WARNING,EXIT,WARNING,EXIT,EXIT,EXIT,EXIT,WARNING,EXIT
2023-02-17 05:00:00,EXIT,EXIT,EXIT,WARNING,EXIT,STAGE_2_BULLISH,EXIT,EXIT,EXIT,EXIT,WARNING,EXIT
2023-02-24 05:00:00,EXIT,EXIT,EXIT,WARNING,EXIT,STAGE_2_BULLISH,EXIT,EXIT,EXIT,EXIT,EXIT,EXIT
2023-03-03 05:00:00,EXIT,STAGE_2_BULLISH,EXIT,WARNING,EXIT,STAGE_2_BULLISH,EXIT,EXIT,EXIT,EXIT,EXIT,EXIT
2023-03-10 05:00:00,EXIT,EXIT,EXIT,EXIT,EXIT,WARNING,EXIT,EXIT,BEARISH_STAGE_4,EXIT,EXIT,BEARISH_STAGE_4
2023-03-17 04:00:00,EXIT,EXIT,EXIT,EXIT,EXIT,EXIT,EXIT,EXIT,EXIT,EXIT,EXIT,EXIT
2023-03-24 04:00:00,EXIT,EXIT,EXIT,EXIT,BEARISH_STAGE_4,EXIT,EXIT,EXIT,EXIT,EXIT,EXIT,EXIT
2023-03-31 04:00:00,EXIT,EXIT,EXIT,EXIT,EXIT,EXIT,EXIT,EXIT,EXIT,EXIT,EXIT,EXIT
2023-04-06 04:00:00,EXIT,EXIT,EXIT,EXIT,EXIT,EXIT,EXIT,EXIT,EXIT,EXIT,EXIT,EXIT
2023-04-14 04:00:00,EXIT,EXIT,EXIT,WARNING,EXIT,EXIT,EXIT,EXIT,EXIT,EXIT,EXIT,EXIT
2023-04-21 04:00:00,EXIT,EXIT,EXIT,EXIT,EXIT,EXIT,WARNING,EXIT,EXIT,EXIT,EXIT,EXIT
2023-04-28 04:00:00,EXIT,EXIT,EXIT,EXIT,EXIT,WARNING,WARNING,EXIT,EXIT,EXIT,EXIT,EXIT
2023-05-05 04:00:00,EXIT,EXIT,EXIT,EXIT,EXIT,WARNING,WARNING,STAGE_2_BULLISH,EXIT,EXIT,EXIT,EXIT
2023-05-12 04:00:00,EXIT,EXIT,EXIT,EXIT,EXIT,EXIT,STAGE_2_BULLISH,EXIT,EXIT,EXIT,EXIT,EXIT
2023-05-19 04:00:00,EXIT,EXIT,EXIT,EXIT,EXIT,EXIT,STAGE_2_BULLISH,EXIT,EXIT,EXIT,EXIT,HOLD
2023-05-26 04:00:00,EXIT,EXIT,WARNING,BEARISH_STAGE_4,EXIT,EXIT,STAGE_2_BULLISH,EXIT,EXIT,EXIT,EXIT,EXIT
2023-06-02 04:00:00,EXIT,EXIT,STAGE_2_BULLISH,EXIT,EXIT,EXIT,STAGE_2_BULLISH,EXIT,EXIT,EXIT,EXIT,EXIT
2023-06-09 04:00:00,EXIT,EXIT,STAGE_2_BULLISH,EXIT,EXIT,WARNING,STAGE_2_BULLISH,EXIT,EXIT,EXIT,EXIT,STAGE_2_BULLISH
2023-06-16 04:00:00,EXIT,EXIT,STAGE_2_BULLISH,EXIT,EXIT,WARNING,STAGE_2_BULLISH,EXIT,EXIT,EXIT,EXIT,STAGE_2_BULLISH
2023-06-23 04:00:00,EXIT,EXIT,STAGE_2_BULLISH,EXIT,EXIT,HOLD,WARNING,EXIT,EXIT,EXIT,EXIT,STAGE_2_BULLISH
2023-06-30 04:00:00,EXIT,EXIT,WARNING,EXIT,EXIT,HOLD,STAGE_2_BULLISH,EXIT,EXIT,EXIT,EXIT,STAGE_2_BULLISH
2023-07-07 04:00:00,EXIT,EXIT,STAGE_2_BULLISH,EXIT,EXIT,STAGE_2_BULLISH,WARNING,EXIT,EXIT,EXIT,EXIT,STAGE_2_BULLISH
2023-07-14 04:00:00,EXIT,EXIT,STAGE_2_BULLISH,EXIT,EXIT,STAGE_2_BULLISH,WARNING,EXIT,EXIT,EXIT,EXIT,STAGE_2_BULLISH
2023-07-21 04:00:00,EXIT,EXIT,WARNING,WARNING,EXIT,STAGE_2_BULLISH,WARNING,EXIT,EXIT,EXIT,EXIT,EXIT
2023-07-28 04:00:00,EXIT,EXIT,WARNING,EXIT,EXIT,EXIT,WARNING,EXIT,EXIT,EXIT,EXIT,EXIT
2023-08-04 04:00:00,EXIT,HOLD,EXIT,HOLD,EXIT,STAGE_2_BULLISH,WARNING,EXIT,EXIT,EXIT,EXIT,EXIT
2023-08-11 04:00:00,BEARISH_STAGE_4,EXIT,EXIT,HOLD,EXIT,STAGE_2_BULLISH,EXIT,EXIT,EXIT,BEARISH_STAGE_4,EXIT,EXIT
2023-08-18 04:00:00,BEARISH_STAGE_4,EXIT,EXIT,HOLD,EXIT,EXIT,EXIT,EXIT,EXIT,BEARISH_STAGE_4,EXIT,EXIT
2023-08-25 04:00:00,EXIT,EXIT,EXIT,EXIT,EXIT,EXIT,WARNING,EXIT,EXIT,BEARISH_STAGE_4,EXIT,EXIT
2023-09-01 04:00:00,BEARISH_STAGE_4,EXIT,WARNING,EXIT,EXIT,EXIT,HOLD,BEARISH_STAGE_4,EXIT,BEARISH_STAGE_4,EXIT,EXIT
2023-09-08 04:00:00,BEARISH_STAGE_4,EXIT,EXIT,WARNING,EXIT,EXIT,STAGE_2_BULLISH,BEARISH_STAGE_4,BEARISH_STAGE_4,EXIT,EXIT,EXIT
2023-09-15 04:00:00,EXIT,EXIT,WARNING,WARNING,EXIT,EXIT,WARNING,EXIT,EXIT,EXIT,EXIT,EXIT
2023-09-22 04:00:00,BEARISH_STAGE_4,BEARISH_STAGE_4,EXIT,EXIT,EXIT,EXIT,WARNING,BEARISH_STAGE_4,BEARISH_STAGE_4,BEARISH_STAGE_4,EXIT,EXIT
2023-09-29 04:00:00,BEARISH_STAGE_4,BEARISH_STAGE_4,EXIT,EXIT,BEARISH_STAGE_4,EXIT,EXIT,BEARISH_STAGE_4,BEARISH_STAGE_4,BEARISH_STAGE_4,EXIT,EXIT
2023-10-06 04:00:00,BEARISH_STAGE_4,BEARISH_STAGE_4,WARNING,EXIT,EXIT,EXIT,WARNING,EXIT,BEARISH_STAGE_4,EXIT,EXIT,EXIT
2023-10-13 04:00:00,BEARISH_STAGE_4,BEARISH_STAGE_4,WARNING,EXIT,EXIT,EXIT,WARNING,EXIT,EXIT,EXIT,EXIT,EXIT
2023-10-20 04:00:00,BEARISH_STAGE_4,BEARISH_STAGE_4,WARNING,EXIT,BEARISH_STAGE_4,EXIT,EXIT,BEARISH_STAGE_4,BEARISH_STAGE_4,EXIT,EXIT,EXIT
2023-10-27 04:00:00,EXIT,BEARISH_STAGE_4,EXIT,EXIT,EXIT,EXIT,EXIT,BEARISH_STAGE_4,BEARISH_STAGE_4,EXIT,EXIT,EXIT
2023-11-03 04:00:00,EXIT,BEARISH_STAGE_4,WARNING,EXIT,EXIT,EXIT,WARNING,EXIT,EXIT,EXIT,BEARISH_STAGE_4,EXIT
2023-11-10 05:00:00,EXIT,BEARISH_STAGE_4,WARNING,EXIT,EXIT,EXIT,WARNING,EXIT,BEARISH_STAGE_4,EXIT,BEARISH_STAGE_4,EXIT
2023-11-17 05:00:00,EXIT,EXIT,WARNING,EXIT,EXIT,EXIT,WARNING,EXIT,EXIT,EXIT,EXIT,WARNING
2023-11-24 05:00:00,EXIT,EXIT,STAGE_2_BULLISH,EXIT,EXIT,EXIT,WARNING,EXIT,EXIT,EXIT,EXIT,WARNING
2023-12-01 05:00:00,EXIT,EXIT,WARNING,EXIT,EXIT,EXIT,WARNING,EXIT,EXIT,EXIT,EXIT,WARNING
2023-12-08 05:00:00,EXIT,EXIT,WARNING,EXIT,EXIT,EXIT,WARNING,EXIT,EXIT,EXIT,EXIT,WARNING
2023-12-15 05:00:00,EXIT,EXIT,WARNING,EXIT,EXIT,EXIT,STAGE_2_BULLISH,EXIT,EXIT,EXIT,EXIT,HOLD
2023-12-22 05:00:00,EXIT,EXIT,WARNING,EXIT,EXIT,EXIT,WARNING,EXIT,EXIT,EXIT,EXIT,STAGE_2_BULLISH
2023-12-29 05:00:00,EXIT,EXIT,WARNING,EXIT,EXIT,EXIT,WARNING,EXIT,EXIT,EXIT,EXIT,WARNING
2024-01-05 05:00:00,EXIT,EXIT,STAGE_2_BULLISH,EXIT,EXIT,EXIT,WARNING,EXIT,EXIT,EXIT,EXIT,WARNING
2024-01-12 05:00:00,EXIT,EXIT,WARNING,EXIT,EXIT,EXIT,WARNING,EXIT,EXIT,EXIT,EXIT,EXIT
2024-01-19 05:00:00,EXIT,EXIT,WARNING,EXIT,EXIT,EXIT,STAGE_2_BULLISH,EXIT,EXIT,EXIT,EXIT,EXIT
2024-01-26 05:00:00,EXIT,EXIT,STAGE_2_BULLISH,EXIT,EXIT,EXIT,STAGE_2_BULLISH,EXIT,EXIT,EXIT,EXIT,EXIT
2024-02-02 05:00:00,EXIT,EXIT,STAGE_2_BULLISH,EXIT,EXIT,EXIT,WARNING,EXIT,EXIT,EXIT,EXIT,EXIT
2024-02-09 05:00:00,EXIT,EXIT,WARNING,EXIT,EXIT,EXIT,STAGE_2_BULLISH,EXIT,EXIT,EXIT,EXIT,EXIT
2024-02-16 05:00:00,EXIT,EXIT,WARNING,EXIT,EXIT,EXIT,WARNING,EXIT,EXIT,EXIT,EXIT,EXIT
2024-02-23 05:00:00,EXIT,EXIT,WARNING,EXIT,EXIT,EXIT,WARNING,EXIT,EXIT,EXIT,EXIT,EXIT
2024-03-01 05:00:00,EXIT,EXIT,WARNING,EXIT,EXIT,EXIT,WARNING,EXIT,EXIT,EXIT,EXIT,EXIT
2024-03-08 05:00:00,EXIT,EXIT,WARNING,EXIT,EXIT,EXIT,WARNING,EXIT,EXIT,EXIT,EXIT,EXIT
2024-03-15 04:00:00,EXIT,EXIT,WARNING,EXIT,STAGE_2_BULLISH,EXIT,WARNING,EXIT,EXIT,EXIT,EXIT,EXIT
2024-03-22 04:00:00,EXIT,EXIT,EXIT,EXIT,HOLD,EXIT,WARNING,EXIT,EXIT,EXIT,EXIT,EXIT
2024-03-28 04:00:00,EXIT,EXIT,WARNING,EXIT,STAGE_2_BULLISH,EXIT,WARNING,EXIT,EXIT,EXIT,EXIT,EXIT
2024-04-05 04:00:00,EXIT,EXIT,STAGE_2_BULLISH,EXIT,STAGE_2_BULLISH,HOLD,WARNING,EXIT,EXIT,EXIT,EXIT,EXIT
2024-04-12 04:00:00,EXIT,EXIT,HOLD,EXIT,EXIT,EXIT,WARNING,EXIT,EXIT,EXIT,EXIT,EXIT
2024-04-19 04:00:00,EXIT,EXIT,WARNING,EXIT,EXIT,EXIT,EXIT,EXIT,EXIT,EXIT,EXIT,EXIT
2024-04-26 04:00:00,EXIT,EXIT,WARNING,EXIT,EXIT,WARNING,EXIT,EXIT,EXIT,EXIT,EXIT,EXIT
2024-05-03 04:00:00,EXIT,EXIT,WARNING,EXIT,EXIT,EXIT,EXIT,EXIT,EXIT,EXIT,EXIT,EXIT
2024-05-10 04:00:00,EXIT,EXIT,WARNING,EXIT,WARNING,WARNING,EXIT,EXIT,EXIT,EXIT,EXIT,EXIT
2024-05-17 04:00:00,EXIT,EXIT,WARNING,EXIT,STAGE_2_BULLISH,EXIT,HOLD,EXIT,EXIT,EXIT,EXIT,EXIT
2024-05-24 04:00:00,EXIT,EXIT,WARNING,EXIT,WARNING,EXIT,WARNING,EXIT,EXIT,EXIT,EXIT,EXIT
2024-05-31 04:00:00,EXIT,EXIT,WARNING,EXIT,WARNING,EXIT,WARNING,EXIT,EXIT,EXIT,EXIT,EXIT
2024-06-07 04:00:00,EXIT,EXIT,STAGE_2_BULLISH,EXIT,EXIT,EXIT,STAGE_2_BULLISH,EXIT,EXIT,EXIT,EXIT,EXIT
2024-06-14 04:00:00,EXIT,EXIT,WARNING,EXIT,EXIT,EXIT,STAGE_2_BULLISH,EXIT,EXIT,EXIT,EXIT,EXIT
2024-06-21 04:00:00,EXIT,EXIT,WARNING,EXIT,EXIT,EXIT,STAGE_2_BULLISH,EXIT,EXIT,EXIT,EXIT,EXIT
2024-06-28 04:00:00,EXIT,EXIT,STAGE_2_BULLISH,EXIT,EXIT,EXIT,STAGE_2_BULLISH,EXIT,EXIT,EXIT,EXIT,EXIT
2024-07-05 04:00:00,EXIT,EXIT,STAGE_2_BULLISH,EXIT,EXIT,EXIT,WARNING,EXIT,EXIT,EXIT,EXIT,EXIT
2024-07-12 04:00:00,EXIT,EXIT,WARNING,EXIT,EXIT,EXIT,WARNING,EXIT,EXIT,EXIT,EXIT,EXIT
2024-07-19 04:00:00,EXIT,EXIT,WARNING,EXIT,STAGE_2_BULLISH,EXIT,EXIT,EXIT,EXIT,EXIT,EXIT,EXIT
2024-07-26 04:00:00,EXIT,EXIT,EXIT,EXIT,STAGE_2_BULLISH,EXIT,EXIT,EXIT,EXIT,EXIT,EXIT,EXIT
2024-08-02 04:00:00,EXIT,EXIT,EXIT,EXIT,WARNING,EXIT,EXIT,EXIT,EXIT,EXIT,EXIT,EXIT
2024-08-09 04:00:00,EXIT,EXIT,EXIT,EXIT,EXIT,EXIT,EXIT,EXIT,EXIT,EXIT,EXIT,EXIT
2024-08-16 04:00:00,EXIT,EXIT,WARNING,EXIT,EXIT,EXIT,HOLD,EXIT,EXIT,EXIT,EXIT,EXIT
2024-08-23 04:00:00,EXIT,EXIT,WARNING,EXIT,WARNING,EXIT,HOLD,EXIT,EXIT,EXIT,EXIT,EXIT
2024-08-30 04:00:00,EXIT,EXIT,WARNING,EXIT,STAGE_2_BULLISH,EXIT,EXIT,EXIT,EXIT,EXIT,EXIT,EXIT
2024-09-06 04:00:00,EXIT,EXIT,WARNING,EXIT,STAGE_2_BULLISH,EXIT,EXIT,EXIT,EXIT,EXIT,EXIT,EXIT
2024-09-13 04:00:00,EXIT,EXIT,EXIT,EXIT,WARNING,EXIT,WARNING,EXIT,EXIT,EXIT,EXIT,EXIT
2024-09-20 04:00:00,EXIT,EXIT,WARNING,EXIT,WARNING,EXIT,WARNING,EXIT,EXIT,EXIT,EXIT,EXIT
2024-09-27 04:00:00,EXIT,EXIT,WARNING,EXIT,WARNING,EXIT,WARNING,EXIT,EXIT,WARNING,EXIT,EXIT
2024-10-04 04:00:00,EXIT,EXIT,WARNING,EXIT,WARNING,WARNING,WARNING,EXIT,EXIT,STAGE_2_BULLISH,EXIT,EXIT
2024-10-11 04:00:00,EXIT,EXIT,WARNING,EXIT,WARNING,STAGE_2_BULLISH,HOLD,EXIT,EXIT,EXIT,EXIT,EXIT
2024-10-18 04:00:00,EXIT,EXIT,EXIT,EXIT,STAGE_2_BULLISH,WARNING,HOLD,EXIT,EXIT,STAGE_2_BULLISH,EXIT,EXIT
2024-10-25 04:00:00,EXIT,EXIT,WARNING,EXIT,STAGE_2_BULLISH,EXIT,HOLD,EXIT,EXIT,EXIT,EXIT,EXIT
2024-11-01 04:00:00,EXIT,EXIT,WARNING,EXIT,HOLD,EXIT,EXIT,EXIT,EXIT,EXIT,EXIT,EXIT
2024-11-08 05:00:00,EXIT,EXIT,HOLD,EXIT,STAGE_2_BULLISH,WARNING,EXIT,EXIT,EXIT,EXIT,EXIT,EXIT
2024-11-15 05:00:00,EXIT,EXIT,HOLD,EXIT,WARNING,EXIT,EXIT,EXIT,EXIT,EXIT,EXIT,EXIT
2024-11-22 05:00:00,EXIT,EXIT,STAGE_2_BULLISH,EXIT,HOLD,WARNING,EXIT,EXIT,EXIT,EXIT,EXIT,EXIT
2024-11-29 05:00:00,EXIT,EXIT,STAGE_2_BULLISH,EXIT,HOLD,WARNING,EXIT,EXIT,EXIT,EXIT,EXIT,EXIT
2024-12-06 05:00:00,EXIT,EXIT,STAGE_2_BULLISH,EXIT,EXIT,EXIT,EXIT,EXIT,EXIT,EXIT,EXIT,STAGE_2_BULLISH
2024-12-13 05:00:00,EXIT,EXIT,STAGE_2_BULLISH,BEARISH_STAGE_4,EXIT,EXIT,EXIT,EXIT,EXIT,EXIT,EXIT,STAGE_2_BULLISH
2024-12-20 05:00:00,EXIT,EXIT,WARNING,BEARISH_STAGE_4,EXIT,EXIT,EXIT,EXIT,EXIT,EXIT,BEARISH_STAGE_4,STAGE_2_BULLISH
2024-12-27 05:00:00,EXIT,BEARISH_STAGE_4,WARNING,BEARISH_STAGE_4,EXIT,EXIT,EXIT,EXIT,EXIT,EXIT,BEARISH_STAGE_4,STAGE_2_BULLISH
2025-01-03 05:00:00,EXIT,BEARISH_STAGE_4,EXIT,BEARISH_STAGE_4,EXIT,EXIT,HOLD,EXIT,EXIT,EXIT,BEARISH_STAGE_4,WARNING
2025-01-10 05:00:00,BEARISH_STAGE_4,BEARISH_STAGE_4,WARNING,BEARISH_STAGE_4,EXIT,EXIT,EXIT,EXIT,EXIT,EXIT,BEARISH_STAGE_4,WARNING
2025-01-17 05:00:00,BEARISH_STAGE_4,EXIT,WARNING,EXIT,STAGE_2_BULLISH,EXIT,EXIT,EXIT,EXIT,WARNING,BEARISH_STAGE_4,WARNING
2025-01-24 05:00:00,EXIT,EXIT,STAGE_2_BULLISH,EXIT,STAGE_2_BULLISH,EXIT,EXIT,EXIT,EXIT,WARNING,EXIT,WARNING
2025-01-31 05:00:00,EXIT,EXIT,STAGE_2_BULLISH,EXIT,STAGE_2_BULLISH,EXIT,EXIT,EXIT,EXIT,EXIT,EXIT,HOLD
2025-02-07 05:00:00,EXIT,EXIT,STAGE_2_BULLISH,EXIT,STAGE_2_BULLISH,EXIT,EXIT,EXIT,EXIT,EXIT,EXIT,WARNING
2025-02-14 05:00:00,EXIT,EXIT,STAGE_2_BULLISH,EXIT,WARNING,EXIT,EXIT,EXIT,EXIT,EXIT,EXIT,WARNING
2025-02-21 05:00:00,EXIT,EXIT,STAGE_2_BULLISH,EXIT,WARNING,EXIT,EXIT,EXIT,EXIT,WARNING,EXIT,WARNING
2025-02-28 05:00:00,EXIT,EXIT,WARNING,EXIT,STAGE_2_BULLISH,EXIT,EXIT,EXIT,EXIT,HOLD,EXIT,WARNING
2025-03-07 05:00:00,EXIT,EXIT,STAGE_2_BULLISH,EXIT,WARNING,EXIT,EXIT,EXIT,EXIT,EXIT,EXIT,EXIT
2025-03-14 04:00:00,EXIT,BEARISH_STAGE_4,WARNING,EXIT,WARNING,EXIT,EXIT,EXIT,EXIT,HOLD,EXIT,EXIT
2025-03-21 04:00:00,EXIT,BEARISH_STAGE_4,WARNING,EXIT,WARNING,EXIT,EXIT,EXIT,EXIT,EXIT,EXIT,EXIT
2025-03-28 04:00:00,EXIT,EXIT,EXIT,EXIT,STAGE_2_BULLISH,EXIT,EXIT,EXIT,BEARISH_STAGE_4,EXIT,EXIT,EXIT
2025-04-04 04:00:00,EXIT,EXIT,EXIT,BEARISH_STAGE_4,EXIT,EXIT,BEARISH_STAGE_4,EXIT,EXIT,EXIT,BEARISH_STAGE_4,EXIT
2025-04-11 04:00:00,BEARISH_STAGE_4,EXIT,EXIT,EXIT,EXIT,EXIT,EXIT,EXIT,EXIT,EXIT,EXIT,EXIT
2025-04-17 04:00:00,BEARISH_STAGE_4,EXIT,EXIT,BEARISH_STAGE_4,EXIT,EXIT,EXIT,HOLD,EXIT,EXIT,EXIT,EXIT
2025-04-25 04:00:00,EXIT,EXIT,EXIT,BEARISH_STAGE_4,EXIT,EXIT,EXIT,EXIT,EXIT,EXIT,EXIT,EXIT
2025-05-02 04:00:00,BEARISH_STAGE_4,EXIT,WARNING,BEARISH_STAGE_4,WARNING,EXIT,EXIT,EXIT,EXIT,WARNING,EXIT,EXIT
2025-05-09 04:00:00,EXIT,EXIT,WARNING,EXIT,WARNING,EXIT,EXIT,EXIT,EXIT,WARNING,EXIT,EXIT
2025-05-16 04:00:00,BEARISH_STAGE_4,EXIT,WARNING,EXIT,WARNING,WARNING,EXIT,EXIT,EXIT,WARNING,EXIT,WARNING
2025-05-23 04:00:00,EXIT,EXIT,WARNING,EXIT,WARNING,WARNING,EXIT,EXIT,EXIT,WARNING,EXIT,EXIT
2025-05-30 04:00:00,EXIT,EXIT,WARNING,EXIT,WARNING,WARNING,EXIT,EXIT,EXIT,WARNING,EXIT,EXIT
2025-06-06 04:00:00,EXIT,EXIT,HOLD,EXIT,WARNING,WARNING,EXIT,EXIT,EXIT,WARNING,EXIT,EXIT
2025-06-13 04:00:00,EXIT,EXIT,WARNING,EXIT,WARNING,WARNING,EXIT,EXIT,EXIT,WARNING,EXIT,EXIT
2025-06-20 04:00:00,EXIT,EXIT,EXIT,EXIT,WARNING,WARNING,EXIT,EXIT,EXIT,WARNING,EXIT,EXIT
2025-06-27 04:00:00,EXIT,EXIT,STAGE_2_BULLISH,EXIT,WARNING,WARNING,EXIT,EXIT,EXIT,EXIT,EXIT,WARNING
2025-07-03 04:00:00,EXIT,EXIT,WARNING,EXIT,WARNING,WARNING,EXIT,EXIT,EXIT,EXIT,EXIT,EXIT
2025-07-11 04:00:00,EXIT,EXIT,WARNING,EXIT,WARNING,STAGE_2_BULLISH,EXIT,EXIT,EXIT,EXIT,EXIT,HOLD
2025-07-18 04:00:00,EXIT,EXIT,WARNING,EXIT,WARNING,STAGE_2_BULLISH,STAGE_2_BULLISH,EXIT,EXIT,HOLD,EXIT,EXIT
2025-07-25 04:00:00,EXIT,EXIT,WARNING,EXIT,WARNING,WARNING,WARNING,EXIT,EXIT,HOLD,EXIT,EXIT
2025-08-01 04:00:00,EXIT,EXIT,EXIT,EXIT,EXIT,WARNING,STAGE_2_BULLISH,EXIT,EXIT,EXIT,EXIT,EXIT
2025-08-08 04:00:00,EXIT,EXIT,EXIT,BEARISH_STAGE_4,EXIT,WARNING,WARNING,EXIT,EXIT,EXIT,EXIT,EXIT
2025-08-15 04:00:00,EXIT,EXIT,EXIT,EXIT,EXIT,WARNING,WARNING,EXIT,EXIT,EXIT,EXIT,HOLD
2025-08-22 04:00:00,EXIT,EXIT,EXIT,EXIT,WARNING,WARNING,WARNING,EXIT,EXIT,EXIT,EXIT,WARNING
2025-08-29 04:00:00,EXIT,EXIT,STAGE_2_BULLISH,EXIT,STAGE_2_BULLISH,WARNING,WARNING,EXIT,EXIT,EXIT,EXIT,HOLD
2025-09-05 04:00:00,EXIT,EXIT,STAGE_2_BULLISH,EXIT,EXIT,EXIT,WARNING,EXIT,EXIT,EXIT,EXIT,STAGE_2_BULLISH
2025-09-12 04:00:00,EXIT,EXIT,STAGE_2_BULLISH,EXIT,EXIT,EXIT,STAGE_2_BULLISH,EXIT,EXIT,EXIT,EXIT,WARNING
2025-09-19 04:00:00,EXIT,EXIT,STAGE_2_BULLISH,EXIT,EXIT,EXIT,STAGE_2_BULLISH,EXIT,EXIT,EXIT,EXIT,STAGE_2_BULLISH
2025-09-26 04:00:00,EXIT,EXIT,STAGE_2_BULLISH,EXIT,EXIT,EXIT,STAGE_2_BULLISH,EXIT,EXIT,EXIT,EXIT,WARNING
2025-10-03 04:00:00,EXIT,EXIT,WARNING,EXIT,EXIT,EXIT,STAGE_2_BULLISH,EXIT,EXIT,EXIT,EXIT,EXIT
2025-10-10 04:00:00,EXIT,EXIT,WARNING,BEARISH_STAGE_4,EXIT,EXIT,STAGE_2_BULLISH,BEARISH_STAGE_4,BEARISH_STAGE_4,STAGE_2_BULLISH,EXIT,EXIT
2025-10-17 04:00:00,EXIT,EXIT,EXIT,EXIT,EXIT,EXIT,STAGE_2_BULLISH,EXIT,EXIT,EXIT,EXIT,EXIT
2025-10-24 04:00:00,EXIT,EXIT,EXIT,EXIT,EXIT,EXIT,STAGE_2_BULLISH,EXIT,EXIT,EXIT,EXIT,EXIT
2025-10-31 04:00:00,EXIT,EXIT,EXIT,EXIT,EXIT,EXIT,WARNING,BEARISH_STAGE_4,EXIT,EXIT,EXIT,EXIT
2025-11-07 05:00:00,EXIT,EXIT,EXIT,EXIT,EXIT,EXIT,WARNING,BEARISH_STAGE_4,EXIT,EXIT,EXIT,EXIT
2025-11-14 05:00:00,EXIT,EXIT,EXIT,EXIT,EXIT,EXIT,WARNING,EXIT,EXIT,EXIT,EXIT,EXIT
2025-11-21 05:00:00,EXIT,EXIT,EXIT,EXIT,EXIT,EXIT,WARNING,EXIT,EXIT,EXIT,EXIT,EXIT
2025-11-28 05:00:00,EXIT,EXIT,WARNING,EXIT,EXIT,EXIT,WARNING,EXIT,EXIT,EXIT,EXIT,EXIT
2025-12-05 05:00:00,EXIT,EXIT,HOLD,EXIT,EXIT,EXIT,STAGE_2_BULLISH,EXIT,EXIT,EXIT,EXIT,EXIT
2025-12-12 05:00:00,EXIT,EXIT,HOLD,EXIT,EXIT,WARNING,WARNING,EXIT,BEARISH_STAGE_4,EXIT,EXIT,EXIT
2025-12-19 05:00:00,EXIT,EXIT,WARNING,EXIT,EXIT,WARNING,STAGE_2_BULLISH,EXIT,BEARISH_STAGE_4,EXIT,EXIT,EXIT
2025-12-26 05:00:00,EXIT,EXIT,WARNING,EXIT,EXIT,WARNING,WARNING,EXIT,BEARISH_STAGE_4,EXIT,EXIT,EXIT
2026-01-02 05:00:00,EXIT,EXIT,WARNING,EXIT,EXIT,WARNING,WARNING,BEARISH_STAGE_4,BEARISH_STAGE_4,EXIT,EXIT,EXIT
2026-01-09 05:00:00,EXIT,EXIT,EXIT,EXIT,EXIT,HOLD,WARNING,EXIT,EXIT,EXIT,EXIT,EXIT
2026-01-16 05:00:00,EXIT,EXIT,EXIT,EXIT,EXIT,STAGE_2_BULLISH,EXIT,EXIT,EXIT,EXIT,EXIT,EXIT
2026-01-23 05:00:00,EXIT,EXIT,EXIT,EXIT,EXIT,STAGE_2_BULLISH,EXIT,EXIT,EXIT,EXIT,EXIT,EXIT
2026-01-30 05:00:00,EXIT,EXIT,WARNING,WARNING,EXIT,STAGE_2_BULLISH,WARNING,EXIT,EXIT,EXIT,EXIT,EXIT
2026-02-06 05:00:00,EXIT,STAGE_2_BULLISH,EXIT,WARNING,EXIT,WARNING,WARNING,EXIT,EXIT,EXIT,EXIT,EXIT
2026-02-13 05:00:00,EXIT,STAGE_2_BULLISH,EXIT,STAGE_2_BULLISH,EXIT,STAGE_2_BULLISH,EXIT,EXIT,EXIT,WARNING,EXIT,EXIT
2026-02-20 05:00:00,EXIT,STAGE_2_BULLISH,EXIT,STAGE_2_BULLISH,EXIT,STAGE_2_BULLISH,WARNING,EXIT,EXIT,WARNING,EXIT,EXIT
2026-02-27 05:00:00,EXIT,STAGE_2_BULLISH,STAGE_2_BULLISH,STAGE_2_BULLISH,EXIT,STAGE_2_BULLISH,EXIT,EXIT,EXIT,WARNING,EXIT,EXIT
2026-03-06 05:00:00,EXIT,EXIT,STAGE_2_BULLISH,STAGE_2_BULLISH,EXIT,WARNING,EXIT,EXIT,EXIT,HOLD,EXIT,EXIT
2026-03-13 04:00:00,EXIT,EXIT,EXIT,WARNING,EXIT,WARNING,EXIT,EXIT,EXIT,STAGE_2_BULLISH,EXIT,EXIT
2026-03-20 04:00:00,EXIT,EXIT,EXIT,WARNING,EXIT,WARNING,EXIT,EXIT,EXIT,EXIT,EXIT,EXIT
2026-03-27 04:00:00,EXIT,WARNING,EXIT,WARNING,BEARISH_STAGE_4,EXIT,EXIT,EXIT,EXIT,WARNING,EXIT,EXIT
2026-04-02 04:00:00,BEARISH_STAGE_4,EXIT,EXIT,EXIT,BEARISH_STAGE_4,EXIT,EXIT,EXIT,EXIT,EXIT,EXIT,BEARISH_STAGE_4
2026-04-10 04:00:00,BEARISH_STAGE_4,EXIT,BEARISH_STAGE_4,WARNING,BEARISH_STAGE_4,EXIT,EXIT,EXIT,EXIT,EXIT,EXIT,BEARISH_STAGE_4
2026-04-17 04:00:00,EXIT,EXIT,EXIT,WARNING,EXIT,WARNING,WARNING,EXIT,EXIT,EXIT,EXIT,EXIT
2026-04-24 04:00:00,BEARISH_STAGE_4,EXIT,EXIT,WARNING,EXIT,WARNING,WARNING,EXIT,EXIT,EXIT,EXIT,EXIT
2026-05-01 04:00:00,EXIT,EXIT,EXIT,WARNING,EXIT,WARNING,WARNING,EXIT,EXIT,EXIT,EXIT,EXIT
2026-05-08 04:00:00,BEARISH_STAGE_4,EXIT,EXIT,WARNING,BEARISH_STAGE_4,EXIT,WARNING,EXIT,EXIT,EXIT,EXIT,EXIT
2026-05-15 04:00:00,BEARISH_STAGE_4,EXIT,EXIT,STAGE_2_BULLISH,BEARISH_STAGE_4,EXIT,HOLD,EXIT,EXIT,EXIT,EXIT,EXIT
2026-05-22 04:00:00,EXIT,EXIT,EXIT,STAGE_2_BULLISH,BEARISH_STAGE_4,EXIT,WARNING,EXIT,EXIT,EXIT,EXIT,EXIT
